Duration mean, 1.8190972222222221, std dev, 0.24170138888888887
Rel slew mean, 0.14042767519417929, std dev, 0.03158919502019422
Rel wait mean, 0.0, std dev, 0.0
Rel obs mean, 0.8595723248058207, std dev, 0.03158919502019422
No, Duration, Slew time, Wait time, Obs time, Rel slew, Rel wait, Rel obs, Max attempts, Times max att, Obs result 1, Obs result 2, Obs result 3, Obs result 4, Interruption 1, Interruption 2 
0, 1.67, 0.2713888888888889, 0.0, 1.398611111111111, 0.16250831669993346, 0.0, 0.8374916833000665, 2, 2, 1, 1, 8, 0, 0, 2, 
1, 1.6649999999999998, 0.2316666666666667, 0.0, 1.4333333333333333, 0.13913913913913914, 0.0, 0.8608608608608609, 2, 1, 3, 2, 4, 0, 0, 2, 
2, 1.6388888888888888, 0.2975, 0.0, 1.3413888888888887, 0.18152542372881356, 0.0, 0.8184745762711865, 2, 1, 4, 0, 3, 0, 0, 0, 
3, 2.3024999999999998, 0.18083333333333332, 0.0, 2.1216666666666666, 0.07853782120883097, 0.0, 0.921462178791169, 2, 1, 1, 0, 6, 0, 0, 1, 

Obs result 1, Max scintillation; shortened observation
Obs result 2, Normal scintillation.
Obs result 3, Short timescale; repeated check of scintillation.
Obs result 4, Weak scintillation; aborted.

Interruption 1, Object set.
Interruption 2, Interference from satellite.
