Start time,  21/03/2017 13:00:00,1490054400000
End time,  28/03/2017 05:45:19,1490633119000
Duration,  6 days, 16 hours, 45 minutes, 19 seconds,578719000
Slew time, 0 day, 19 hours, 25 minutes, 18 seconds,6.9918E7
Integration time, 3 days, 5 hours, 57 minutes, 1 second,2.80621E8
Waiting time, 2 days, 15 hours, 23 minutes, 0 second,2.2818E8
Relative slew time, 0.12081511061499622
Relative integration time, 0.48490027111603384
Relative waiting time, 0.39428461826896993
Start, End, Name, RA, DEC, Slew (to here), Expected Int, Actual Int, This Int, Wait time, Scint timescale, Attempt no, # sats cons, Obs result, Interruption, Comment 
21/03/2017 13:00:00,21/03/2017 13:11:59,J1627+1419,4.3079641222725975,0.24997332767584454,89.0,311,630.0,630.0,0,180,1,0,3,0,Completed incrementally checking scint every 180 seconds.
21/03/2017 13:11:59,21/03/2017 13:24:11,J1918+1541,5.053288144325266,0.27379949603397263,332.0,692,400.0,400.0,0,600,1,0,1,0,Completed: Shortened interval; scintillation of 1.7283329425925147
21/03/2017 13:24:11,21/03/2017 13:32:01,J1947+10,5.181882549171165,0.1873320063807247,359.0,204,111.0,111.0,0,5400,1,0,1,0,Completed: Shortened interval; scintillation of 1.8386714039798142
21/03/2017 13:32:01,21/03/2017 13:50:22,J1933+1726,5.118178031473371,0.3042690662643448,360.0,640,741.0,741.0,0,20,1,0,3,0,Completed incrementally checking scint every 20 seconds.
21/03/2017 13:50:22,21/03/2017 14:18:58,J1923+2515,5.076180559836729,0.4408925499925424,360.0,2414,1356.0,1356.0,0,5400,1,0,1,0,Completed: Shortened interval; scintillation of 1.7806361974822298
21/03/2017 14:18:58,21/03/2017 14:28:29,J1952+2630,5.203760258617119,0.46264835352319517,359.0,311,212.0,212.0,0,5400,1,0,1,0,Completed: Shortened interval; scintillation of 1.4661669820280625
21/03/2017 14:28:29,21/03/2017 14:42:05,J1953+2732,5.206011726079986,0.4807810009100669,360.0,456,456.0,456.0,0,5400,1,0,2,0,Completed: Nominal time; scintillation good.
21/03/2017 14:42:05,21/03/2017 15:04:05,J2043+1711,5.42512924919179,0.3000459848970053,360.0,871,960.0,960.0,0,60,1,0,3,0,Completed incrementally checking scint every 60 seconds.
21/03/2017 15:04:05,21/03/2017 15:14:09,J2143+0654,5.68565583890785,0.12051270622590723,358.0,354,246.0,246.0,0,1800,1,0,1,0,Completed: Shortened interval; scintillation of 1.4417313422504492
21/03/2017 15:14:09,21/03/2017 15:24:23,J2036+2835,5.396439001167071,0.49892389241002033,360.0,133,254.0,254.0,0,20,1,0,3,0,Completed incrementally checking scint every 20 seconds.
21/03/2017 15:24:23,21/03/2017 15:30:47,J2055+2539,5.479519364277931,0.4479775376188334,360.0,47,24.0,24.0,0,600,1,0,1,0,Completed: Shortened interval; scintillation of 1.9388932524626525
21/03/2017 15:30:47,21/03/2017 15:39:45,J2028+3332,5.359605063578616,0.5852882137119282,359.0,165,179.0,179.0,0,20,1,0,3,0,Completed incrementally checking scint every 20 seconds.
21/03/2017 15:39:45,21/03/2017 15:47:37,B2110+27,5.554829557919938,0.4869579635397153,358.0,166,114.0,114.0,0,60,1,0,3,0,Completed incrementally checking scint every 60 seconds.
21/03/2017 15:47:37,21/03/2017 15:57:37,J2038+35,5.40179403492245,0.6108652381980153,361.0,1643,incomplete,239.0,0,5400,1,0,1,1,Aborted: High scintillation; observed until object set.
21/03/2017 15:57:37,21/03/2017 16:11:23,J2215+1538,5.82792002606563,0.27302224274041786,357.0,389,469.0,469.0,0,20,1,0,3,0,Completed incrementally checking scint every 20 seconds.
21/03/2017 16:11:23,21/03/2017 16:19:07,J2156+2618,5.743857042585898,0.45916931600314276,359.0,193,105.0,105.0,0,1800,1,0,1,0,Completed: Shortened interval; scintillation of 1.8311469942210004
21/03/2017 16:19:07,21/03/2017 18:27:56,J2243+1518,5.947919775176239,0.2671571122704591,359.0,1703,incomplete,7370.0,0,180,1,0,3,2,Aborted: Checked scintillation repeatedly; interrupted by satellite GPS BIIR-8  (PRN 16)
21/03/2017 18:27:56,21/03/2017 18:35:58,B0045+33,0.21191060557193486,0.5969413892765495,349.0,133,133.0,133.0,0,1800,1,0,2,0,Completed: Nominal time; scintillation good.
21/03/2017 18:35:58,21/03/2017 18:43:17,J0137+1654,0.4249789462143593,0.2951647501467888,360.0,104,79.0,79.0,0,180,1,0,1,0,Completed: Shortened interval; scintillation of 1.317036378098726
21/03/2017 18:43:17,21/03/2017 18:51:16,J0102+4839,0.2748893571891069,0.8377580409572782,352.0,255,127.0,127.0,0,60,1,0,3,0,Completed incrementally checking scint every 60 seconds.
21/03/2017 18:51:16,21/03/2017 19:01:10,J0106+4855,0.28980174120635516,0.8540080259207076,360.0,1238,incomplete,234.0,0,5400,1,0,1,1,Aborted: High scintillation; observed until object set.
21/03/2017 19:01:10,21/03/2017 19:25:44,J0229+20,0.6503533125243871,0.36593736650147773,358.0,1116,1116.0,1116.0,0,1800,1,0,2,0,Completed: Nominal time; scintillation good.
21/03/2017 19:25:44,21/03/2017 19:34:34,J0241+16,0.7058402383273735,0.28041623315375563,365.0,165,165.0,165.0,0,1800,1,0,2,0,Completed: Nominal time; scintillation good.
21/03/2017 19:34:34,21/03/2017 20:00:51,B0301+19,0.805259646674883,0.341170174788316,354.0,628,1223.0,1223.0,0,20,1,0,3,0,Completed incrementally checking scint every 20 seconds.
21/03/2017 20:00:51,21/03/2017 21:01:20,J0337+1715,0.9500282278657441,0.3011411841416568,359.0,5293,3270.0,3270.0,0,1800,1,0,3,0,Completed incrementally checking scint every 1800 seconds.
21/03/2017 21:01:20,21/03/2017 21:11:58,B0331+45,0.9393250842215719,0.8016562932307203,361.0,545,277.0,277.0,0,1800,1,0,1,0,Completed: Shortened interval; scintillation of 1.9659382642273096
21/03/2017 21:11:58,21/03/2017 21:22:55,J0453+1559,1.2817562530918758,0.27906508796776525,357.0,455,incomplete,300.0,0,1800,1,0,4,0,Aborted: Scintillation too low within first five minutes.
21/03/2017 21:22:55,21/03/2017 21:30:11,B0523+11,1.4221850534626992,0.19644204329971776,355.0,118,81.0,81.0,0,1800,1,0,1,0,Completed: Shortened interval; scintillation of 1.4579035668818567
21/03/2017 21:30:11,21/03/2017 21:40:18,J0533+0402,1.4548642856722165,0.07039737056551017,362.0,170,245.0,245.0,0,20,1,0,3,0,Completed incrementally checking scint every 20 seconds.
21/03/2017 21:40:18,21/03/2017 21:56:15,J0517+22,1.3839006527271704,0.38862664677740405,361.0,477,596.0,596.0,0,180,1,0,3,0,Completed incrementally checking scint every 180 seconds.
21/03/2017 21:56:15,21/03/2017 22:07:12,J0453+1559,1.2817562530918758,0.27906508796776525,373.0,455,584.0,284.0,0,1800,2,0,1,0,Completed: Shortened interval; scintillation of 1.6012939785721678
21/03/2017 22:07:12,21/03/2017 22:25:00,B0540+23,1.4973223286090653,0.40988572669405726,346.0,844,722.0,722.0,0,600,1,0,3,0,Completed incrementally checking scint every 600 seconds.
21/03/2017 22:25:00,22/03/2017 01:06:05,J0557+1550,1.5599934063134906,0.2763731100675954,363.0,4182,9302.0,9302.0,0,600,1,0,3,0,Completed incrementally checking scint every 600 seconds.
22/03/2017 01:06:05,22/03/2017 01:14:05,J0605+37,1.5926129424448257,0.6457718232379019,378.0,284,incomplete,102.0,0,180,1,0,3,1,Aborted: Checked scintillation repeatedly; observed until object set. 
22/03/2017 01:14:05,22/03/2017 01:22:16,J0622+3749,1.6675537444228539,0.6600912801231532,358.0,154,133.0,133.0,0,5400,1,0,1,0,Completed: Shortened interval; scintillation of 1.1554492759929877
22/03/2017 01:22:16,22/03/2017 01:37:30,J0751+1807,2.055791112963893,0.3163826354449581,358.0,1039,556.0,556.0,0,1800,1,0,1,0,Completed: Shortened interval; scintillation of 1.8683006228454182
22/03/2017 01:37:30,22/03/2017 01:46:03,J0815+0939,2.160483158072796,0.16867007335377535,363.0,298,150.0,150.0,0,1800,1,0,1,0,Completed: Shortened interval; scintillation of 1.9871357038130704
22/03/2017 01:46:03,22/03/2017 01:56:43,J0843+0719,2.2844774567868544,0.12764077633515641,356.0,284,284.0,284.0,0,600,1,0,2,0,Completed: Nominal time; scintillation good.
22/03/2017 01:56:43,22/03/2017 02:08:09,J0848+16,2.3076888813973357,0.29176087329171874,355.0,547,331.0,331.0,0,5400,1,0,1,0,Completed: Shortened interval; scintillation of 1.6534941018593339
22/03/2017 02:08:09,22/03/2017 02:54:39,B0823+26,2.2115782027959106,0.4646638064138933,361.0,1410,2429.0,2429.0,0,20,1,0,3,0,Completed incrementally checking scint every 20 seconds.
22/03/2017 02:54:39,22/03/2017 03:26:41,B0943+10,2.5574600417681577,0.1721815788460517,362.0,1368,1560.0,1560.0,0,20,1,0,3,0,Completed incrementally checking scint every 20 seconds.
22/03/2017 03:26:41,22/03/2017 04:16:47,B0940+16,2.5460063185519446,0.2884495958497406,363.0,3073,2643.0,2643.0,0,180,1,0,3,0,Completed incrementally checking scint every 180 seconds.
22/03/2017 04:16:47,22/03/2017 04:30:30,J0943+41,2.543817384781735,0.7182029871956666,353.0,450,incomplete,470.0,0,20,1,0,3,1,Aborted: Checked scintillation repeatedly; observed until object set. 
22/03/2017 04:30:30,22/03/2017 04:57:34,J1142+0119,3.0630528372500483,0.022980168484592004,363.0,1106,1261.0,1261.0,0,60,1,0,3,0,Completed incrementally checking scint every 60 seconds.
22/03/2017 04:57:34,22/03/2017 05:06:29,B1133+16,3.0371090778789545,0.27665640609401493,358.0,192,177.0,177.0,0,20,1,0,3,0,Completed incrementally checking scint every 20 seconds.
22/03/2017 05:06:29,22/03/2017 05:20:07,J1238+21,3.30908390247795,0.3816991440880299,343.0,751,475.0,475.0,0,600,1,0,3,0,Completed incrementally checking scint every 600 seconds.
22/03/2017 05:20:07,22/03/2017 05:30:54,B1257+12,3.4036521463529263,0.22134882305275824,361.0,352,286.0,286.0,0,5400,1,0,1,0,Completed: Shortened interval; scintillation of 1.2314305378611046
22/03/2017 05:30:54,22/03/2017 05:42:28,J1313+0931,3.4617878492785863,0.1663686628095484,360.0,334,334.0,334.0,0,1800,1,0,2,0,Completed: Nominal time; scintillation good.
22/03/2017 05:42:28,22/03/2017 05:58:17,J1342+2822D,3.5873933777804443,0.4952662640742576,348.0,374,601.0,601.0,0,180,1,0,3,0,Completed incrementally checking scint every 180 seconds.
22/03/2017 05:58:17,22/03/2017 06:14:53,J1342+2822B,3.587457889512921,0.4952863402087923,363.0,647,633.0,633.0,0,1800,1,0,1,0,Completed: Shortened interval; scintillation of 1.0228037467715099
22/03/2017 06:14:53,22/03/2017 06:36:46,J1342+2822A,3.5874515554221773,0.49524687152701324,363.0,844,950.0,950.0,0,60,1,0,3,0,Completed incrementally checking scint every 60 seconds.
22/03/2017 06:36:46,22/03/2017 06:42:39,J1518+0204E,4.008003183100644,0.03635132980959301,343.0,402,incomplete,10.0,0,1800,1,0,1,2,Aborted: High scintillation; interrupted by satellite GPS BIIRM-1 (PRN 17)
22/03/2017 06:42:39,22/03/2017 07:16:08,J1544+4937,4.11930335455354,0.8662420785732818,354.0,1709,1655.0,1655.0,0,600,1,0,3,0,Completed incrementally checking scint every 600 seconds.
22/03/2017 07:16:08,22/03/2017 07:29:54,J1046+0304,2.821850516285997,0.05355688253848934,83.0,768,743.0,743.0,0,1800,1,0,1,0,Completed: Shortened interval; scintillation of 1.0343142815467534
22/03/2017 07:29:54,22/03/2017 07:38:24,J1518+0204E,4.008003183100644,0.03635132980959301,303.0,402,217.0,207.0,0,1800,2,0,1,0,Completed: Shortened interval; scintillation of 1.866112078390957
22/03/2017 07:38:24,22/03/2017 07:50:30,B1541+09,4.117437145251993,0.16559460443815205,350.0,512,376.0,376.0,0,1800,1,0,1,0,Completed: Shortened interval; scintillation of 1.3606472826237879
22/03/2017 07:50:30,22/03/2017 07:59:28,J1549+2113,4.143770963894292,0.37043110451168204,358.0,346,180.0,180.0,0,600,1,0,1,0,Completed: Shortened interval; scintillation of 1.9264514081543798
22/03/2017 07:59:28,22/03/2017 08:45:06,J1612+2008,4.242854105472584,0.351481822415939,356.0,2597,2382.0,2382.0,0,180,1,0,3,0,Completed incrementally checking scint every 180 seconds.
22/03/2017 08:45:06,22/03/2017 08:56:04,J1645+1012,4.38764247506106,0.17810134781787157,366.0,532,292.0,292.0,0,1800,1,0,1,0,Completed: Shortened interval; scintillation of 1.823609804841379
22/03/2017 08:56:04,22/03/2017 09:10:50,J1640+2224,4.364540848022992,0.3909966186058234,360.0,395,526.0,526.0,0,60,1,0,3,0,Completed incrementally checking scint every 60 seconds.
22/03/2017 09:10:50,22/03/2017 10:01:14,J1649+2533,4.4058095345230175,0.4459655608422289,360.0,2597,2664.0,2664.0,0,20,1,0,3,0,Completed incrementally checking scint every 20 seconds.
22/03/2017 10:01:14,22/03/2017 10:12:24,J1738+0333,4.620320378054876,0.06201187154863972,370.0,613,incomplete,300.0,0,5400,1,0,4,0,Aborted: Scintillation too low within first five minutes.
22/03/2017 10:12:24,22/03/2017 10:22:17,J1736+05,4.611596216082018,0.10122909661567112,362.0,186,231.0,231.0,0,60,1,0,3,0,Completed incrementally checking scint every 60 seconds.
22/03/2017 10:22:17,22/03/2017 10:33:41,J1739+0612,4.622065719044209,0.10834810070908354,362.0,366,322.0,322.0,0,180,1,0,3,0,Completed incrementally checking scint every 180 seconds.
22/03/2017 10:33:41,22/03/2017 10:45:52,J1720+2150,4.537950593853073,0.38112560950327723,358.0,507,373.0,373.0,0,5400,1,0,1,0,Completed: Shortened interval; scintillation of 1.3583408396077385
22/03/2017 10:45:52,22/03/2017 11:01:59,J1802+03,4.724315396939985,0.06341362948912731,363.0,644,604.0,604.0,0,60,1,0,3,0,Completed incrementally checking scint every 60 seconds.
22/03/2017 11:01:59,22/03/2017 11:12:50,J1807+04,4.744750293598751,0.07126761112310179,363.0,165,288.0,288.0,0,20,1,0,3,0,Completed incrementally checking scint every 20 seconds.
22/03/2017 11:12:50,22/03/2017 11:23:22,B1810+02,4.768616725733095,0.04274660403984512,362.0,613,incomplete,270.0,0,20,1,0,3,2,Aborted: Checked scintillation repeatedly; interrupted by satellite GPS BIIF-3  (PRN 24)
22/03/2017 11:23:22,22/03/2017 11:41:19,J1806+1023,4.742358756191207,0.1813120749023876,358.0,647,719.0,719.0,0,60,1,0,3,0,Completed incrementally checking scint every 60 seconds.
22/03/2017 11:41:19,22/03/2017 11:52:22,J1822+0705,4.809723083886327,0.12371960328234248,363.0,352,incomplete,300.0,0,5400,1,0,4,0,Aborted: Scintillation too low within first five minutes.
22/03/2017 11:52:22,22/03/2017 12:28:13,J1842+0257,4.897897844917602,0.05177228337832513,360.0,1039,1791.0,1791.0,0,600,1,0,3,0,Completed incrementally checking scint every 600 seconds.
22/03/2017 12:28:13,22/03/2017 12:46:54,J1907+0602,5.008712435229331,0.10538346504909872,360.0,545,761.0,761.0,0,20,1,0,3,0,Completed incrementally checking scint every 20 seconds.
22/03/2017 12:46:54,22/03/2017 13:06:34,B1910+10,5.029917458420539,0.18520658320274047,360.0,5293,incomplete,820.0,0,20,1,0,3,2,Aborted: Checked scintillation repeatedly; interrupted by satellite IRIDIUM 32 [+]
22/03/2017 13:06:34,22/03/2017 13:33:50,B1919+14,5.0675750459718305,0.24995587438332456,359.0,1410,1277.0,1277.0,0,180,1,0,3,0,Completed incrementally checking scint every 180 seconds.
22/03/2017 13:33:50,22/03/2017 13:45:31,J1932+1916,5.115247332771065,0.33645584655320687,360.0,620,341.0,341.0,0,1800,1,0,1,0,Completed: Shortened interval; scintillation of 1.8184125313425537
22/03/2017 13:45:31,22/03/2017 13:57:09,B1937+21,5.147162220796673,0.37669599430801487,359.0,613,339.0,339.0,0,5400,1,0,1,0,Completed: Shortened interval; scintillation of 1.8058798681241979
22/03/2017 13:57:09,22/03/2017 14:04:32,J1944+2236,5.16625244940447,0.3945540758053855,360.0,186,83.0,83.0,0,180,1,0,1,0,Completed: Shortened interval; scintillation of 2.253436929341188
22/03/2017 14:04:32,22/03/2017 15:10:24,J1949+2306,5.188523526975002,0.40344012880370594,360.0,2597,3592.0,3592.0,0,20,1,0,3,0,Completed incrementally checking scint every 20 seconds.
22/03/2017 15:10:24,22/03/2017 15:17:43,J2005+3552,5.2612586691108225,0.6261092347731424,359.0,402,incomplete,80.0,0,600,1,0,2,1,Aborted: Normal scintillation; observed until object set.
22/03/2017 15:17:43,22/03/2017 15:36:43,J2018+3431,5.318396094609779,0.602431952696483,360.0,1368,incomplete,780.0,0,600,1,0,3,1,Aborted: Checked scintillation repeatedly; observed until object set. 
22/03/2017 15:36:43,22/03/2017 15:55:42,J2105+28,5.523967082562054,0.4971279486097182,359.0,829,780.0,780.0,0,5400,1,0,1,0,Completed: Shortened interval; scintillation of 1.0632687396987404
22/03/2017 15:55:42,22/03/2017 16:28:24,J2151+2315,5.722418290719025,0.4058511072398636,358.0,1245,1604.0,1604.0,0,20,1,0,3,0,Completed incrementally checking scint every 20 seconds.
22/03/2017 16:28:24,22/03/2017 16:41:21,J2243+1518,5.947919775176239,0.2671571122704591,361.0,1703,7786.0,416.0,0,180,2,0,3,0,Completed incrementally checking scint every 180 seconds.
22/03/2017 16:41:21,22/03/2017 16:52:21,J2234+2114,5.912058495035511,0.3706827228121779,360.0,542,incomplete,300.0,0,1800,1,0,4,0,Aborted: Scintillation too low within first five minutes.
22/03/2017 16:52:21,22/03/2017 17:23:38,J2317+1439,6.096234120297008,0.2558422663572685,357.0,2597,incomplete,1520.0,0,5400,1,0,1,2,Aborted: High scintillation; interrupted by satellite IRIDIUM 50 [+]
22/03/2017 17:23:38,22/03/2017 17:34:15,J2225+35,5.867796945204935,0.619591884457987,361.0,234,276.0,276.0,0,60,1,0,3,0,Completed incrementally checking scint every 60 seconds.
22/03/2017 17:34:15,22/03/2017 17:48:53,J0006+1834,0.02652900463031381,0.3243355045254685,354.0,524,524.0,524.0,0,5400,1,0,2,0,Completed: Nominal time; scintillation good.
22/03/2017 17:48:53,22/03/2017 17:55:19,B2310+42,6.078736049609773,0.7485185951453288,356.0,545,incomplete,30.0,0,600,1,0,1,2,Aborted: High scintillation; interrupted by satellite IRIDIUM 53 [+]
22/03/2017 17:55:19,22/03/2017 18:15:11,B0011+47,0.06237734024575567,0.8338475338054486,349.0,1709,incomplete,843.0,0,20,1,0,3,1,Aborted: Checked scintillation repeatedly; observed until object set. 
22/03/2017 18:15:11,22/03/2017 18:22:57,B0052+51,0.24328275343242856,0.8951840760405984,355.0,354,incomplete,111.0,0,1800,1,0,2,1,Aborted: Normal scintillation; observed until object set.
22/03/2017 18:22:57,22/03/2017 18:33:57,J0106+4855,0.28980174120635516,0.8540080259207076,360.0,1238,incomplete,300.0,0,5400,2,0,4,0,Aborted: Scintillation too low within first five minutes.
22/03/2017 18:33:57,22/03/2017 19:02:49,J0408+551,1.0821041362364845,0.9599310885968813,333.0,1150,1399.0,1399.0,0,20,1,0,3,0,Completed incrementally checking scint every 20 seconds.
22/03/2017 19:02:49,22/03/2017 19:18:12,J2317+1439,6.096234120297008,0.2558422663572685,72.0,2597,2371.0,851.0,0,5400,2,0,1,0,Completed: Shortened interval; scintillation of 1.1850037176302421
22/03/2017 19:18:12,22/03/2017 19:25:53,B0458+46,1.3180552705356499,0.8185889443385201,284.0,562,177.0,177.0,0,600,1,0,1,0,Completed: Shortened interval; scintillation of 3.1693730866097805
22/03/2017 19:25:53,22/03/2017 19:35:18,J0711+0931,1.8832233528712716,0.16621837056840444,43.0,659,522.0,522.0,0,180,1,0,3,0,Completed incrementally checking scint every 180 seconds.
22/03/2017 19:35:18,22/03/2017 19:38:35,J0519+54,1.3962634015954636,0.949750001293581,44.0,153,153.0,153.0,0,180,1,0,2,0,Completed: Nominal time; scintillation good.
22/03/2017 19:38:35,22/03/2017 19:46:27,J0621+0336,1.6632421266719581,0.06305254025943692,43.0,427,429.0,429.0,0,180,1,0,3,0,Completed incrementally checking scint every 180 seconds.
22/03/2017 19:46:27,22/03/2017 19:54:08,J0645+5158,1.7714424245127065,0.907061772699451,44.0,427,417.0,417.0,0,60,1,0,3,0,Completed incrementally checking scint every 60 seconds.
22/03/2017 19:54:08,22/03/2017 19:55:33,J0623+0340,1.6745531692218207,0.0640283732367742,46.0,82,39.0,39.0,0,180,1,0,1,0,Completed: Shortened interval; scintillation of 2.1141929778316686
22/03/2017 19:55:33,22/03/2017 19:58:01,J0636+5129,1.728228403264108,0.8985534947632836,44.0,231,104.0,104.0,0,5400,1,0,1,0,Completed: Shortened interval; scintillation of 2.211848972634865
22/03/2017 19:58:01,22/03/2017 21:00:51,J1022+1001,2.718204916782272,0.17507964958762018,61.0,3754,3709.0,3709.0,0,600,1,0,3,0,Completed incrementally checking scint every 600 seconds.
22/03/2017 21:00:51,22/03/2017 21:04:08,J0538+2817,1.476625428940753,0.493681703887056,81.0,127,116.0,116.0,0,180,1,0,1,0,Completed: Shortened interval; scintillation of 1.0966108018926084
22/03/2017 21:04:08,22/03/2017 21:10:32,J0605+37,1.5926129424448257,0.6457718232379019,354.0,284,132.0,30.0,0,180,2,0,3,0,Completed incrementally checking scint every 180 seconds.
22/03/2017 21:10:32,22/03/2017 21:16:15,J1010+15,2.6616271092913526,0.27663468644110123,58.0,261,285.0,285.0,0,20,1,0,3,0,Completed incrementally checking scint every 20 seconds.
22/03/2017 21:16:15,22/03/2017 21:21:41,B0626+24,1.6977492494792945,0.42345226793254537,55.0,609,271.0,271.0,0,1800,1,0,1,0,Completed: Shortened interval; scintillation of 2.2458056661621923
22/03/2017 21:21:41,22/03/2017 21:24:04,J0943+41,2.543817384781735,0.7182029871956666,31.0,450,582.0,112.0,0,20,2,0,3,0,Completed incrementally checking scint every 20 seconds.
22/03/2017 21:24:04,22/03/2017 21:48:51,J0635+0533,1.724821633283396,0.09691910299060733,49.0,1039,1438.0,1438.0,0,60,1,0,3,0,Completed incrementally checking scint every 60 seconds.
22/03/2017 21:48:51,22/03/2017 21:56:35,J0740+41,2.011491962923465,0.7167485461523381,36.0,473,428.0,428.0,0,1800,1,0,1,0,Completed: Shortened interval; scintillation of 1.1051402484866273
22/03/2017 21:56:35,22/03/2017 21:59:04,J0633+0632,1.7180010320107069,0.11419737777167009,35.0,263,114.0,114.0,0,5400,1,0,1,0,Completed: Shortened interval; scintillation of 2.306438955763704
22/03/2017 21:59:04,22/03/2017 22:28:18,J0627+0649,1.6925060331513266,0.11923570698986471,363.0,1709,1391.0,1391.0,0,1800,1,0,1,0,Completed: Shortened interval; scintillation of 1.228207579997981
22/03/2017 22:28:18,22/03/2017 22:39:44,J0625+10,1.6831518973920316,0.17918713653808452,370.0,402,316.0,316.0,2340,20,1,0,3,0,Completed incrementally checking scint every 20 seconds.Waited for more observables to rise above the horizon. 
22/03/2017 23:18:44,22/03/2017 23:21:49,J1012+5307,2.672785151988384,0.9270733295670593,89.0,118,96.0,96.0,12780,1800,1,0,1,0,Completed: Shortened interval; scintillation of 1.2318326970059346Waited for more observables to rise above the horizon. 
23/03/2017 02:54:49,23/03/2017 02:59:58,J1738+0333,4.620320378054876,0.06201187154863972,89.0,613,incomplete,220.0,1560,5400,2,0,2,2,Aborted: Normal scintillation; interrupted by satellite IRIDIUM 56 [+]Waited for more observables to rise above the horizon. 
23/03/2017 03:25:58,23/03/2017 03:33:12,B1810+02,4.768616725733095,0.04274660403984512,89.0,613,615.0,345.0,0,20,2,0,3,0,Completed incrementally checking scint every 20 seconds.
23/03/2017 03:33:12,23/03/2017 03:39:20,J1738+0333,4.620320378054876,0.06201187154863972,7.0,613,881.0,361.0,180,5400,3,0,1,0,Completed: Shortened interval; scintillation of 1.0894798071854663Waited for more observables to rise above the horizon. 
23/03/2017 03:42:20,23/03/2017 03:53:55,B1639+36B,4.370668057254633,0.6363518934139437,89.0,548,606.0,606.0,0,60,1,0,3,0,Completed incrementally checking scint every 60 seconds.
23/03/2017 03:53:55,23/03/2017 03:56:32,J1828+0625,4.836600427146518,0.11199438440470835,37.0,135,120.0,120.0,0,5400,1,0,1,0,Completed: Shortened interval; scintillation of 1.1212222788168826
23/03/2017 03:56:32,23/03/2017 04:02:47,J1641+3627D,4.370668057254633,0.6363518934139437,39.0,336,336.0,336.0,0,600,1,0,2,0,Completed: Nominal time; scintillation good.
23/03/2017 04:02:47,23/03/2017 04:19:44,J1851+0118,4.938713096696012,0.02297532034778091,45.0,1703,972.0,972.0,0,600,1,0,3,0,Completed incrementally checking scint every 600 seconds.
23/03/2017 04:19:44,23/03/2017 04:27:18,J1629+43,4.3153265755559795,0.7676539826688393,55.0,405,399.0,399.0,0,60,1,0,3,0,Completed incrementally checking scint every 60 seconds.
23/03/2017 04:27:18,23/03/2017 05:18:17,J1911+0101B,5.0230992206145455,0.017988720749360667,54.0,5293,3005.0,3005.0,0,5400,1,0,1,0,Completed: Shortened interval; scintillation of 1.7611399043351519
23/03/2017 05:18:17,23/03/2017 05:31:10,B1639+36A,4.370659330608373,0.6362473675842965,57.0,842,716.0,716.0,0,600,1,0,3,0,Completed incrementally checking scint every 600 seconds.
23/03/2017 05:31:10,23/03/2017 05:39:33,J1941+0121,5.154251005507956,0.023753446305961715,52.0,842,451.0,451.0,0,1800,1,0,1,0,Completed: Shortened interval; scintillation of 1.8688116838398796
23/03/2017 05:39:33,23/03/2017 05:45:21,J1710+49,4.496331763398225,0.8610290976505359,58.0,231,290.0,290.0,0,180,1,0,3,0,Completed incrementally checking scint every 180 seconds.
23/03/2017 05:45:21,23/03/2017 05:57:58,J2017+0603,5.311815405568848,0.1056194170803032,57.0,518,700.0,700.0,0,20,1,0,3,0,Completed incrementally checking scint every 20 seconds.
23/03/2017 05:57:58,23/03/2017 06:15:24,J1741+2758,4.633377197926385,0.48815404737238066,43.0,1116,1003.0,1003.0,0,180,1,0,3,0,Completed incrementally checking scint every 180 seconds.
23/03/2017 06:15:24,23/03/2017 06:23:58,J2007+0809,5.267512765597136,0.142404322552304,36.0,284,478.0,478.0,0,60,1,0,3,0,Completed incrementally checking scint every 60 seconds.
23/03/2017 06:23:58,23/03/2017 06:26:02,J1758+3030,4.705544380834785,0.5324417771417368,39.0,85,85.0,85.0,0,5400,1,0,2,0,Completed: Nominal time; scintillation good.
23/03/2017 06:26:02,23/03/2017 06:28:03,J2047+1053,5.441063943092322,0.1899500002587162,41.0,1096,incomplete,80.0,0,20,1,0,3,2,Aborted: Checked scintillation repeatedly; interrupted by satellite IRIDIUM 67 [+]
23/03/2017 06:28:03,23/03/2017 06:43:01,J1746+2540,4.651802057063271,0.4481496464756274,41.0,640,857.0,857.0,0,20,1,0,3,0,Completed incrementally checking scint every 20 seconds.
23/03/2017 06:43:01,23/03/2017 06:46:00,J2047+1053,5.441063943092322,0.1899500002587162,39.0,1096,incomplete,140.0,0,20,2,0,3,2,Aborted: Checked scintillation repeatedly; interrupted by satellite IRIDIUM 21 [+]
23/03/2017 06:46:00,23/03/2017 06:54:29,B1753+52,4.687875831040429,0.9079217313284935,54.0,455,455.0,455.0,0,600,1,0,2,0,Completed: Nominal time; scintillation good.
23/03/2017 06:54:29,23/03/2017 07:13:03,J2047+1053,5.441063943092322,0.1899500002587162,52.0,1096,1282.0,1062.0,0,20,3,0,3,0,Completed incrementally checking scint every 20 seconds.
23/03/2017 07:13:03,23/03/2017 07:22:47,J1800+50,4.716752303514675,0.8808094958398051,54.0,477,530.0,530.0,0,60,1,0,3,0,Completed incrementally checking scint every 60 seconds.
23/03/2017 07:22:47,23/03/2017 07:30:06,B2127+11H,5.628554774434979,0.21234562888799444,55.0,384,384.0,384.0,0,600,1,0,2,0,Completed: Nominal time; scintillation good.
23/03/2017 07:30:06,23/03/2017 08:47:22,J1746+2245,4.651363543088708,0.39720251598255063,51.0,3754,4585.0,4585.0,0,60,1,0,3,0,Completed incrementally checking scint every 60 seconds.
23/03/2017 08:47:22,23/03/2017 08:55:18,J2205+1444,5.7826573844649305,0.25729692314268515,42.0,548,434.0,434.0,0,5400,1,0,1,0,Completed: Shortened interval; scintillation of 1.262322443157976
23/03/2017 08:55:18,23/03/2017 09:06:57,J1810+1744,4.758733289789313,0.3096862773743265,57.0,664,642.0,642.0,0,600,1,0,1,0,Completed: Shortened interval; scintillation of 1.0345604702380027
23/03/2017 09:06:57,23/03/2017 09:16:53,J2234+2114,5.912058495035511,0.3706827228121779,54.0,542,842.0,542.0,0,1800,2,0,2,0,Completed: Nominal time; scintillation good.
23/03/2017 09:16:53,23/03/2017 09:19:48,J1821+1715,4.805000731984796,0.301297449287352,57.0,194,118.0,118.0,0,180,1,0,1,0,Completed: Shortened interval; scintillation of 1.6486328108490844
23/03/2017 09:19:48,23/03/2017 11:13:09,J2307+2225,6.054931729380185,0.3914876292723677,59.0,4689,6742.0,6742.0,0,20,1,0,3,0,Completed incrementally checking scint every 20 seconds.
23/03/2017 11:13:09,23/03/2017 11:19:40,J1822+0705,4.809723083886327,0.12371960328234248,99.0,352,592.0,292.0,0,5400,2,0,1,0,Completed: Shortened interval; scintillation of 1.2050651516652653
23/03/2017 11:19:40,23/03/2017 11:31:25,J1822+1120,4.809443831206008,0.19807644718147424,359.0,346,346.0,346.0,0,1800,1,0,2,0,Completed: Nominal time; scintillation good.
23/03/2017 11:31:25,23/03/2017 11:53:31,J1851+0232,4.934918460013967,0.04421500771718968,361.0,432,965.0,965.0,0,60,1,0,3,0,Completed incrementally checking scint every 60 seconds.
23/03/2017 11:53:31,23/03/2017 12:26:08,B1853+01,4.957509565519468,0.021338104546674008,366.0,1106,1591.0,1591.0,0,20,1,0,3,0,Completed incrementally checking scint every 20 seconds.
23/03/2017 12:26:08,23/03/2017 12:33:49,J1906+0725,5.000368306963755,0.1294452528562461,361.0,123,100.0,100.0,0,60,1,0,3,0,Completed incrementally checking scint every 60 seconds.
23/03/2017 12:33:49,23/03/2017 12:46:36,B1906+09,5.013368101009025,0.16180171793349657,359.0,322,408.0,408.0,0,180,1,0,3,0,Completed incrementally checking scint every 180 seconds.
23/03/2017 12:46:36,23/03/2017 13:39:44,J1926+0737,5.090088411603566,0.13297081794527466,360.0,2800,2828.0,2828.0,0,180,1,0,3,0,Completed incrementally checking scint every 180 seconds.
23/03/2017 13:39:44,23/03/2017 14:08:54,B1943+18,5.17316317511641,0.32414691200351686,359.0,768,1391.0,1391.0,0,600,1,0,3,0,Completed incrementally checking scint every 600 seconds.
23/03/2017 14:08:54,23/03/2017 14:39:24,J1946+2611,5.17823262937293,0.4572239041449545,360.0,1728,1470.0,1470.0,0,1800,1,0,1,0,Completed: Shortened interval; scintillation of 1.1752396811846744
23/03/2017 14:39:24,23/03/2017 14:52:26,J2010+2845,5.279989542643227,0.5019235800991494,359.0,581,423.0,423.0,0,60,1,0,3,0,Completed incrementally checking scint every 60 seconds.
23/03/2017 14:52:26,23/03/2017 15:03:29,J2011+3331,5.284342539241804,0.5850956457177915,358.0,305,305.0,305.0,0,600,1,0,2,0,Completed: Nominal time; scintillation good.
23/03/2017 15:03:29,23/03/2017 15:11:09,B2127+11G,5.6285377574747715,0.21233530235658682,361.0,154,99.0,99.0,0,5400,1,0,1,0,Completed: Shortened interval; scintillation of 1.5541540801427731
23/03/2017 15:11:09,23/03/2017 15:17:09,J2005+3552,5.2612586691108225,0.6261092347731424,360.0,402,incomplete,0.0,0,600,2,0,1,1,Aborted: High scintillation; observed until object set.
23/03/2017 15:17:09,23/03/2017 15:31:39,J2018+3431,5.318396094609779,0.602431952696483,359.0,1368,1291.0,511.0,0,600,2,0,3,0,Completed incrementally checking scint every 600 seconds.
23/03/2017 15:31:39,23/03/2017 15:49:46,J2038+35,5.40179403492245,0.6108652381980153,358.0,1643,incomplete,729.0,0,5400,2,0,1,1,Aborted: High scintillation; observed until object set.
23/03/2017 15:49:46,23/03/2017 15:58:52,J2111+40,5.545783698211982,0.6981317007977318,354.0,581,incomplete,192.0,0,20,1,0,3,1,Aborted: Checked scintillation repeatedly; observed until object set. 
23/03/2017 15:58:52,23/03/2017 16:59:54,J2204+27,5.779948706187889,0.47182067445580045,361.0,2414,3301.0,3301.0,0,20,1,0,3,0,Completed incrementally checking scint every 20 seconds.
23/03/2017 16:59:54,23/03/2017 17:10:58,J2227+30,5.879577917655897,0.5340707511102649,364.0,5293,incomplete,300.0,0,5400,1,0,4,0,Aborted: Scintillation too low within first five minutes.
23/03/2017 17:10:58,23/03/2017 17:21:44,B2310+42,6.078736049609773,0.7485185951453288,346.0,545,incomplete,300.0,0,600,2,0,4,0,Aborted: Scintillation too low within first five minutes.
23/03/2017 17:21:44,23/03/2017 17:42:24,B0011+47,0.06237734024575567,0.8338475338054486,349.0,1709,1734.0,891.0,0,20,2,0,3,0,Completed incrementally checking scint every 20 seconds.
23/03/2017 17:42:24,23/03/2017 17:49:08,B2310+42,6.078736049609773,0.7485185951453288,374.0,545,incomplete,30.0,0,600,3,0,1,2,Aborted: High scintillation; interrupted by satellite IRIDIUM 54 [+]
23/03/2017 17:49:08,23/03/2017 18:02:04,J0106+4855,0.28980174120635516,0.8540080259207076,341.0,1238,969.0,435.0,0,5400,3,0,1,0,Completed: Shortened interval; scintillation of 1.6638893800202907
23/03/2017 18:02:04,23/03/2017 18:11:09,B0052+51,0.24328275343242856,0.8951840760405984,362.0,354,294.0,183.0,35400,1800,2,0,1,0,Completed: Shortened interval; scintillation of 1.3260601177944715Waited for more observables to rise above the horizon. 
24/03/2017 04:01:09,24/03/2017 04:12:30,J1856+0102,4.958807872316796,0.01808645918747235,89.0,481,592.0,592.0,0,20,1,0,3,0,Completed incrementally checking scint every 20 seconds.
24/03/2017 04:12:30,24/03/2017 04:26:42,J1828+1359,4.838440876842745,0.24422663718818075,16.0,486,836.0,836.0,0,180,1,0,3,0,Completed incrementally checking scint every 180 seconds.
24/03/2017 04:26:42,24/03/2017 04:30:17,J1919+0134,5.06026364356907,0.027617411344404718,15.0,240,200.0,200.0,0,1800,1,0,1,0,Completed: Shortened interval; scintillation of 1.1974341717496921
24/03/2017 04:30:17,24/03/2017 04:35:16,J1839+15,4.882558582454136,0.2617993877991494,17.0,327,282.0,282.0,0,60,1,0,3,0,Completed incrementally checking scint every 60 seconds.
24/03/2017 04:35:16,24/03/2017 04:42:48,J1910+0225,5.01857492722209,0.04229320628527147,14.0,575,438.0,438.0,0,600,1,0,1,0,Completed: Shortened interval; scintillation of 1.3137331447981233
24/03/2017 04:42:48,24/03/2017 04:49:44,J1843+2024,4.901915738299797,0.356311875676729,19.0,364,397.0,397.0,0,20,1,0,3,0,Completed incrementally checking scint every 20 seconds.
24/03/2017 04:49:44,24/03/2017 05:01:20,B1923+04,5.089414278179983,0.07898390567164117,18.0,202,678.0,678.0,0,60,1,0,3,0,Completed incrementally checking scint every 60 seconds.
24/03/2017 05:01:20,24/03/2017 05:23:23,J1849+2423,4.928713545451534,0.4257923472159776,22.0,1096,1301.0,1301.0,0,180,1,0,3,0,Completed incrementally checking scint every 180 seconds.
24/03/2017 05:23:23,24/03/2017 09:00:34,J1956+0838,5.222334917909262,0.1507615407872702,19.0,6023,13012.0,13012.0,0,600,1,0,3,0,Completed incrementally checking scint every 600 seconds.
24/03/2017 09:00:34,24/03/2017 09:05:33,J1900+30,4.975497365122835,0.5390158506575821,65.0,234,234.0,234.0,0,600,1,0,2,0,Completed: Nominal time; scintillation good.
24/03/2017 09:05:33,24/03/2017 09:59:20,B2127+11C,5.628774409576931,0.2125336347853919,42.0,1436,3185.0,3185.0,0,180,1,0,3,0,Completed incrementally checking scint every 180 seconds.
24/03/2017 09:59:20,24/03/2017 10:00:31,J1845+0623,4.909363203662161,0.11168943659929047,61.0,402,incomplete,10.0,0,5400,1,0,1,2,Aborted: High scintillation; interrupted by satellite GPS BIIR-13 (PRN 02)
24/03/2017 10:00:31,24/03/2017 10:09:32,J1842+1332,4.897827304527,0.23620849764178256,360.0,450,181.0,181.0,0,600,1,0,1,0,Completed: Shortened interval; scintillation of 2.4910385007175386
24/03/2017 10:09:32,24/03/2017 10:19:08,J1845+0623,4.909363203662161,0.11168943659929047,363.0,402,223.0,213.0,0,5400,2,0,1,0,Completed: Shortened interval; scintillation of 1.8306565533700965
24/03/2017 10:19:08,24/03/2017 10:27:30,J1848+0351,4.9249002701075195,0.0673682546859378,363.0,189,139.0,139.0,0,180,1,0,1,0,Completed: Shortened interval; scintillation of 1.360617626202659
24/03/2017 10:27:30,24/03/2017 10:43:24,B1848+04,4.935158297342012,0.07510733547748931,362.0,647,592.0,592.0,0,1800,1,0,1,0,Completed: Shortened interval; scintillation of 1.0920416254747796
24/03/2017 10:43:24,24/03/2017 10:56:51,J1855+0307,4.954308340783102,0.054494027384074065,365.0,613,442.0,442.0,0,600,1,0,1,0,Completed: Shortened interval; scintillation of 1.386536833879096
24/03/2017 10:56:51,24/03/2017 11:11:21,J1857+0143,4.963498808291791,0.030189347922690807,365.0,512,505.0,505.0,0,1800,1,0,1,0,Completed: Shortened interval; scintillation of 1.013164946109197
24/03/2017 11:11:21,24/03/2017 12:52:07,J1855+0205,4.9554294239393,0.036537498263139075,365.0,5293,5681.0,5681.0,0,20,1,0,3,0,Completed incrementally checking scint every 20 seconds.
24/03/2017 12:52:07,24/03/2017 13:14:02,J1919+1314,5.059490317266332,0.23114607318363678,374.0,612,941.0,941.0,0,20,1,0,3,0,Completed incrementally checking scint every 20 seconds.
24/03/2017 13:14:02,24/03/2017 13:29:55,J1941+1341,5.153438554741152,0.23896660267361475,359.0,609,594.0,594.0,0,60,1,0,3,0,Completed incrementally checking scint every 60 seconds.
24/03/2017 13:29:55,24/03/2017 13:40:02,J1929+2121,5.101033007732561,0.372737751043665,360.0,517,247.0,247.0,0,5400,1,0,1,0,Completed: Shortened interval; scintillation of 2.093312242802126
24/03/2017 13:40:02,24/03/2017 13:51:01,B1918+26,5.06424546681339,0.4685161844053578,359.0,644,incomplete,300.0,0,5400,1,0,4,0,Aborted: Scintillation too low within first five minutes.
24/03/2017 13:51:01,24/03/2017 14:01:21,J1941+2525,5.154597235198319,0.44363021334032426,359.0,612,261.0,261.0,0,1800,1,0,1,0,Completed: Shortened interval; scintillation of 2.3446488616399273
24/03/2017 14:01:21,24/03/2017 14:12:29,J2007+20,5.2665310178928895,0.3551745027808461,360.0,311,308.0,308.0,0,60,1,0,3,0,Completed incrementally checking scint every 60 seconds.
24/03/2017 14:12:29,24/03/2017 14:26:04,J2017+2043,5.31226867993834,0.36172869893576587,359.0,456,456.0,456.0,0,5400,1,0,2,0,Completed: Nominal time; scintillation good.
24/03/2017 14:26:04,24/03/2017 14:41:02,B2025+21,5.355011211543263,0.37992147776350554,360.0,352,538.0,538.0,0,20,1,0,3,0,Completed incrementally checking scint every 20 seconds.
24/03/2017 14:41:02,24/03/2017 15:30:19,J2006+3102,5.262967637336735,0.5416483889460069,360.0,3754,incomplete,2597.0,0,600,1,0,3,1,Aborted: Checked scintillation repeatedly; observed until object set. 
24/03/2017 15:30:19,24/03/2017 15:39:20,J2038+35,5.40179403492245,0.6108652381980153,359.0,1643,1150.0,182.0,0,5400,3,0,1,0,Completed: Shortened interval; scintillation of 2.020989630407069
24/03/2017 15:39:20,24/03/2017 15:45:30,B2035+36,5.39942620490391,0.6345440231970861,360.0,179,incomplete,10.0,0,180,1,0,2,2,Aborted: Normal scintillation; interrupted by satellite COSMOS 2425 (716)
24/03/2017 15:45:30,24/03/2017 15:54:57,J2111+40,5.545783698211982,0.6981317007977318,353.0,581,incomplete,214.0,0,20,2,0,3,1,Aborted: Checked scintillation repeatedly; observed until object set. 
24/03/2017 15:54:57,24/03/2017 17:29:04,J2227+30,5.879577917655897,0.5340707511102649,354.0,5293,5593.0,5293.0,0,5400,2,0,2,0,Completed: Nominal time; scintillation good.
24/03/2017 17:29:04,24/03/2017 17:40:31,B2310+42,6.078736049609773,0.7485185951453288,360.0,545,incomplete,327.0,0,600,4,0,1,1,Aborted: High scintillation; observed until object set.
24/03/2017 17:40:31,24/03/2017 17:48:21,B2127+11E,5.628554992601135,0.21239023174665653,39.0,543,431.0,431.0,0,5400,1,0,1,0,Completed: Shortened interval; scintillation of 1.2588630252300976
24/03/2017 17:48:21,24/03/2017 17:53:20,B2127+11A,5.628559320435904,0.21235437444198796,1.0,456,incomplete,298.0,36480,60,1,0,3,1,Aborted: Checked scintillation repeatedly; observed until object set. Waited for more observables to rise above the horizon. 
25/03/2017 04:01:20,25/03/2017 04:20:01,J1854+0317,4.95012173223988,0.05745526934829111,89.0,1323,1032.0,1032.0,0,600,1,0,3,0,Completed incrementally checking scint every 600 seconds.
25/03/2017 04:20:01,25/03/2017 04:20:55,J1853+0853,4.945250081965251,0.15512583354461823,7.0,47,47.0,47.0,0,180,1,0,2,0,Completed: Nominal time; scintillation good.
25/03/2017 04:20:55,25/03/2017 04:31:12,J1905+0154A,4.997124903437131,0.033321244302658405,7.0,785,incomplete,610.0,0,180,1,0,3,2,Aborted: Checked scintillation repeatedly; interrupted by satellite IRIDIUM 44 [-]
25/03/2017 04:31:12,25/03/2017 04:34:34,B1842+14,4.908367246068921,0.2601225142389278,15.0,231,187.0,187.0,0,20,1,0,3,0,Completed incrementally checking scint every 20 seconds.
25/03/2017 04:34:34,25/03/2017 04:38:36,J1905+0154A,4.997124903437131,0.033321244302658405,13.0,785,839.0,229.0,0,180,2,0,3,0,Completed incrementally checking scint every 180 seconds.
25/03/2017 04:38:36,25/03/2017 05:29:41,J1848+12,4.924010152189003,0.22398392067260564,11.0,598,3054.0,3054.0,0,60,1,0,3,0,Completed incrementally checking scint every 60 seconds.
25/03/2017 05:29:41,25/03/2017 05:34:53,J1858+0241,4.969374895550943,0.0470172307940028,14.0,415,298.0,298.0,0,180,1,0,3,0,Completed incrementally checking scint every 180 seconds.
25/03/2017 05:34:53,25/03/2017 05:38:10,J1938+2012,5.1399946471233005,0.35255650890285456,17.0,477,180.0,180.0,0,5400,1,0,1,0,Completed: Shortened interval; scintillation of 2.64482425366111
25/03/2017 05:38:10,25/03/2017 05:46:29,J1902+02,4.982915014443811,0.03490658503988659,18.0,481,481.0,481.0,0,1800,1,0,2,0,Completed: Nominal time; scintillation good.
25/03/2017 05:46:29,25/03/2017 06:00:20,J1953+1846A,5.208789708472744,0.3277437447036685,18.0,700,813.0,813.0,0,60,1,0,3,0,Completed incrementally checking scint every 60 seconds.
25/03/2017 06:00:20,25/03/2017 06:02:34,J1902+0248,4.986570024785696,0.04914071471726257,22.0,273,112.0,112.0,0,1800,1,0,1,0,Completed: Shortened interval; scintillation of 2.443437363602436
25/03/2017 06:02:34,25/03/2017 06:18:06,J1946+2535,5.178471884924559,0.446763079347654,22.0,910,910.0,910.0,0,5400,1,0,2,0,Completed: Nominal time; scintillation good.
25/03/2017 06:18:06,25/03/2017 06:24:42,J1900+0227,4.976995439397463,0.04291570705181613,26.0,322,370.0,370.0,0,20,1,0,3,0,Completed incrementally checking scint every 20 seconds.
25/03/2017 06:24:42,25/03/2017 06:34:21,J2015+2524,5.302361172995289,0.44346537668874697,27.0,570,552.0,552.0,0,1800,1,0,1,0,Completed: Shortened interval; scintillation of 1.0330628135229363
25/03/2017 06:34:21,25/03/2017 06:39:38,J1901+0355,4.980792257741073,0.0686442842946181,29.0,231,288.0,288.0,0,60,1,0,3,0,Completed incrementally checking scint every 60 seconds.
25/03/2017 06:39:38,25/03/2017 06:57:39,J2007+3120,5.267186389027013,0.5471197052628004,28.0,938,1053.0,1053.0,0,60,1,0,3,0,Completed incrementally checking scint every 60 seconds.
25/03/2017 06:57:39,25/03/2017 07:09:00,J1855+0527,4.953467892026215,0.09531776340190254,33.0,542,648.0,648.0,0,20,1,0,3,0,Completed incrementally checking scint every 20 seconds.
25/03/2017 07:09:00,25/03/2017 07:10:05,B2127+11A,5.628559320435904,0.21235437444198796,31.0,456,332.0,34.0,0,60,2,0,3,0,Completed incrementally checking scint every 60 seconds.
25/03/2017 07:10:05,25/03/2017 07:26:37,J1913+3732,5.03293956874242,0.6551398779979815,39.0,1410,953.0,953.0,0,5400,1,0,1,0,Completed: Shortened interval; scintillation of 1.479463307189407
25/03/2017 07:26:37,25/03/2017 07:32:07,J1907+0249,5.007788137946295,0.049358880873761855,30.0,402,incomplete,300.0,0,5400,1,0,4,0,Aborted: Scintillation too low within first five minutes.
25/03/2017 07:32:07,25/03/2017 07:34:56,B2035+36,5.39942620490391,0.6345440231970861,37.0,179,142.0,132.0,0,180,2,0,1,0,Completed: Shortened interval; scintillation of 1.277474000558626
25/03/2017 07:34:56,25/03/2017 07:42:37,J1853+0545,4.947892874063031,0.10062434002985507,39.0,422,422.0,422.0,0,1800,1,0,2,0,Completed: Nominal time; scintillation good.
25/03/2017 07:42:37,25/03/2017 07:52:15,J2139+2242,5.669912969054862,0.3963933619487788,39.0,545,539.0,539.0,0,20,1,0,3,0,Completed incrementally checking scint every 20 seconds.
25/03/2017 07:52:15,25/03/2017 08:04:13,J1903+0415,4.987278337573797,0.07417649320975901,41.0,570,677.0,677.0,0,180,1,0,3,0,Completed incrementally checking scint every 180 seconds.
25/03/2017 08:04:13,25/03/2017 08:10:02,J2021+4026,5.329798476057163,0.7059134451932209,38.0,402,311.0,311.0,0,5400,1,0,1,0,Completed: Shortened interval; scintillation of 1.2928205415779581
25/03/2017 08:10:02,25/03/2017 08:14:14,J1906+0414,5.004571132524609,0.07402833414881194,40.0,477,212.0,212.0,0,1800,1,0,1,0,Completed: Shortened interval; scintillation of 2.252502966899441
25/03/2017 08:14:14,25/03/2017 08:20:18,J2030+4415,5.370621727261309,0.7724929080199936,42.0,322,322.0,322.0,0,600,1,0,2,0,Completed: Nominal time; scintillation good.
25/03/2017 08:20:18,25/03/2017 08:24:33,J1904+0451,4.995960245227275,0.08491488838390511,44.0,211,211.0,211.0,0,600,1,0,2,0,Completed: Nominal time; scintillation good.
25/03/2017 08:24:33,25/03/2017 08:29:40,J2111+40,5.545783698211982,0.6981317007977318,44.0,581,669.0,263.0,0,20,3,0,3,0,Completed incrementally checking scint every 20 seconds.
25/03/2017 08:29:40,25/03/2017 08:36:48,J1901+0435,4.980893341393584,0.08010576452972863,46.0,382,382.0,382.0,0,1800,1,0,2,0,Completed: Nominal time; scintillation good.
25/03/2017 08:36:48,25/03/2017 08:43:22,J2044+4614,5.432250030369751,0.8071856902265109,46.0,529,348.0,348.0,0,1800,1,0,1,0,Completed: Shortened interval; scintillation of 1.5184514768688984
25/03/2017 08:43:22,25/03/2017 09:03:58,J1901+0510,4.982758662031652,0.09034018133795094,47.0,844,1189.0,1189.0,0,180,1,0,3,0,Completed incrementally checking scint every 180 seconds.
25/03/2017 09:03:58,25/03/2017 09:08:02,J2111+4606,5.547538481330759,0.8047485318515732,47.0,387,197.0,197.0,0,1800,1,0,1,0,Completed: Shortened interval; scintillation of 1.9653495759001753
25/03/2017 09:08:02,25/03/2017 09:15:35,J1907+0249,5.007788137946295,0.049358880873761855,51.0,402,702.0,402.0,0,5400,2,0,2,0,Completed: Nominal time; scintillation good.
25/03/2017 09:15:35,25/03/2017 09:30:16,B2021+51,5.335607731750373,0.9060694182414888,50.0,193,831.0,831.0,0,20,1,0,3,0,Completed incrementally checking scint every 20 seconds.
25/03/2017 09:30:16,25/03/2017 09:36:01,J1907+0534,5.006428962791304,0.09741361294533905,49.0,450,296.0,296.0,0,1800,1,0,1,0,Completed: Shortened interval; scintillation of 1.5181264719155947
25/03/2017 09:36:01,25/03/2017 09:44:45,B2022+50,5.339394347190064,0.8835964860707576,47.0,477,477.0,477.0,0,5400,1,0,2,0,Completed: Nominal time; scintillation good.
25/03/2017 09:44:45,25/03/2017 09:50:09,J1913+0617,5.0309115688736545,0.10966485466697704,47.0,399,277.0,277.0,0,600,1,0,1,0,Completed: Shortened interval; scintillation of 1.4430171229503457
25/03/2017 09:50:09,25/03/2017 09:54:59,J2138+4911,5.6635934227216,0.8584111037725444,50.0,581,240.0,240.0,0,5400,1,0,1,0,Completed: Shortened interval; scintillation of 2.4224367549825057
25/03/2017 09:54:59,25/03/2017 10:02:37,J1914+0631,5.03652862018299,0.11401023969076181,50.0,635,408.0,408.0,0,600,1,0,1,0,Completed: Shortened interval; scintillation of 1.554910852530657
25/03/2017 10:02:37,25/03/2017 10:03:31,B1953+50,5.215535675103295,0.8900950934890015,44.0,166,incomplete,10.0,0,5400,1,0,1,2,Aborted: High scintillation; interrupted by satellite IRIDIUM 47 [+]
25/03/2017 10:03:31,25/03/2017 10:07:32,J1905+0616,4.996503057169056,0.1094549303430566,45.0,196,196.0,196.0,0,1800,1,0,2,0,Completed: Nominal time; scintillation good.
25/03/2017 10:07:32,25/03/2017 10:20:53,J1848+0647,4.925901652765852,0.11854518686386041,367.0,450,434.0,434.0,0,5400,1,0,1,0,Completed: Shortened interval; scintillation of 1.0358606615257295
25/03/2017 10:20:53,25/03/2017 10:36:36,B1852+10,4.950141367193965,0.18811740454412218,362.0,581,581.0,581.0,0,600,1,0,2,0,Completed: Nominal time; scintillation good.
25/03/2017 10:36:36,25/03/2017 10:57:19,J1857+0809,4.961775441099551,0.14226518102582555,365.0,792,878.0,878.0,0,20,1,0,3,0,Completed incrementally checking scint every 20 seconds.
25/03/2017 10:57:19,25/03/2017 11:11:13,J1903+0601,4.98879633769072,0.10517547997990273,366.0,472,468.0,468.0,0,5400,1,0,1,0,Completed: Shortened interval; scintillation of 1.008261178971162
25/03/2017 11:11:13,25/03/2017 11:17:42,J1901+0621,4.978985114744737,0.11092052210105073,365.0,50,24.0,24.0,0,60,1,0,1,0,Completed: Shortened interval; scintillation of 2.107311546456245
25/03/2017 11:17:42,25/03/2017 11:45:22,J1902+0723,4.983899671030144,0.12911073141628054,361.0,1961,1299.0,1299.0,0,5400,1,0,1,0,Completed: Shortened interval; scintillation of 1.5091660097552357
25/03/2017 11:45:22,25/03/2017 12:04:27,B1900+06,4.9865712610605835,0.10953594270917001,369.0,1358,776.0,776.0,0,600,1,0,3,0,Completed incrementally checking scint every 600 seconds.
25/03/2017 12:04:27,25/03/2017 12:32:16,J1906+0649,5.001238789928187,0.11920647272489382,364.0,2072,1305.0,1305.0,0,5400,1,0,1,0,Completed: Shortened interval; scintillation of 1.5881600453990772
25/03/2017 12:32:16,25/03/2017 12:42:17,J1916+0852,5.0457905007469055,0.15492705993536332,363.0,322,238.0,238.0,0,1800,1,0,1,0,Completed: Shortened interval; scintillation of 1.353601536749014
25/03/2017 12:42:17,25/03/2017 12:53:17,J1920+1040,5.065482178032532,0.18631874578720578,360.0,692,incomplete,300.0,0,5400,1,0,4,0,Aborted: Scintillation too low within first five minutes.
25/03/2017 12:53:17,25/03/2017 13:06:23,J1944+0907,5.166853006291774,0.15922764478131782,358.0,570,428.0,428.0,0,5400,1,0,1,0,Completed: Shortened interval; scintillation of 1.3315802178102185
25/03/2017 13:06:23,25/03/2017 13:17:02,J1924+17,5.078908123303498,0.29670597283903605,362.0,659,277.0,277.0,0,5400,1,0,1,0,Completed: Shortened interval; scintillation of 2.3762761038318665
25/03/2017 13:17:02,25/03/2017 13:25:48,J1935+1726,5.127191784395295,0.3044070442379886,359.0,322,167.0,167.0,0,5400,1,0,1,0,Completed: Shortened interval; scintillation of 1.9333029099268537
25/03/2017 13:25:48,25/03/2017 13:41:53,J1938+2010,5.140601149038368,0.35222538115865676,359.0,606,606.0,606.0,0,600,1,0,2,0,Completed: Nominal time; scintillation good.
25/03/2017 13:41:53,25/03/2017 13:50:35,J1940+2246,5.1487212933832724,0.39735329303737565,361.0,165,161.0,161.0,0,20,1,0,3,0,Completed incrementally checking scint every 20 seconds.
25/03/2017 13:50:35,25/03/2017 14:15:52,J1931+30,5.111487602674059,0.5337798629015991,357.0,829,1160.0,1160.0,0,180,1,0,3,0,Completed incrementally checking scint every 180 seconds.
25/03/2017 14:15:52,25/03/2017 14:29:24,J2033+1734,5.381978526526395,0.30688045697999955,361.0,864,451.0,451.0,0,5400,1,0,1,0,Completed: Shortened interval; scintillation of 1.9171723490100374
25/03/2017 14:29:24,25/03/2017 14:51:13,J2002+30,5.248932281268614,0.5337798629015991,359.0,427,950.0,950.0,0,20,1,0,3,0,Completed incrementally checking scint every 20 seconds.
25/03/2017 14:51:13,25/03/2017 15:00:52,J2005+3552,5.2612586691108225,0.6261092347731424,359.0,402,300.0,220.0,0,600,3,0,1,0,Completed: Shortened interval; scintillation of 1.4605205432321844
25/03/2017 15:00:52,25/03/2017 15:15:47,J2021+3651,5.32801460411752,0.6431771004166037,358.0,575,537.0,537.0,0,180,1,0,3,0,Completed incrementally checking scint every 180 seconds.
25/03/2017 15:15:47,25/03/2017 15:21:47,B2027+37,5.364260147581895,0.6586105136969403,360.0,47,incomplete,0.0,0,5400,1,0,2,1,Aborted: Normal scintillation; observed until object set.
25/03/2017 15:21:47,25/03/2017 15:27:24,J2215+5135,5.827413546061112,0.9004751871121236,337.0,825,incomplete,0.0,0,5400,1,0,1,1,Aborted: High scintillation; observed until object set.
25/03/2017 15:27:24,25/03/2017 15:34:20,B2310+42,6.078736049609773,0.7485185951453288,354.0,545,749.0,62.0,0,600,5,0,1,0,Completed: Shortened interval; scintillation of 1.124373455196636
25/03/2017 15:34:20,25/03/2017 15:40:11,J1907+0731,5.008716071331938,0.13129675630440343,65.0,1045,incomplete,286.0,0,60,1,0,3,1,Aborted: Checked scintillation repeatedly; observed until object set. 
25/03/2017 15:40:11,25/03/2017 15:43:16,B2034+19,5.398488090430964,0.34409311647172536,22.0,167,163.0,163.0,0,20,1,0,3,0,Completed incrementally checking scint every 20 seconds.
25/03/2017 15:43:16,25/03/2017 15:43:39,J1907+0731,5.008716071331938,0.13129675630440343,23.0,1045,incomplete,0.0,0,60,2,0,3,1,Aborted: Checked scintillation repeatedly; observed until object set. 
25/03/2017 15:43:39,25/03/2017 15:47:11,J1937+1505,5.136817420664149,0.2633459434418889,10.0,202,202.0,202.0,0,600,1,0,2,0,Completed: Nominal time; scintillation good.
25/03/2017 15:47:11,25/03/2017 15:47:21,J1914+0659,5.035274892003641,0.12188215943093735,10.0,769,incomplete,0.0,0,20,1,0,3,1,Aborted: Checked scintillation repeatedly; observed until object set. 
25/03/2017 15:47:21,25/03/2017 15:47:31,B1933+15,5.131378538382623,0.2724458962363148,10.0,575,incomplete,0.0,0,60,1,0,3,1,Aborted: Checked scintillation repeatedly; observed until object set. 
25/03/2017 15:47:31,25/03/2017 15:52:39,J1917+0834,5.051917551808085,0.14978139296817103,8.0,549,incomplete,300.0,0,1800,1,0,4,0,Aborted: Scintillation too low within first five minutes.
25/03/2017 15:52:39,25/03/2017 15:54:30,J1941+1026,5.155436011348008,0.18222013092710576,4.0,193,107.0,107.0,0,600,1,0,1,0,Completed: Shortened interval; scintillation of 1.798277656415136
25/03/2017 15:54:30,25/03/2017 15:55:32,J1933+0758,5.119589348339765,0.1390785491812607,3.0,104,59.0,59.0,0,1800,1,0,1,0,Completed: Shortened interval; scintillation of 1.749053342660339
25/03/2017 15:55:32,25/03/2017 15:55:35,J1935+12,5.127995508515839,0.21031217486531673,3.0,1709,incomplete,0.0,0,5400,1,0,1,1,Aborted: High scintillation; observed until object set.
25/03/2017 15:55:35,25/03/2017 16:02:46,J1939+10,5.145157912827116,0.18762289458939044,1.0,658,incomplete,430.0,44100,20,1,0,3,1,Aborted: Checked scintillation repeatedly; observed until object set. Waited for more observables to rise above the horizon. 
26/03/2017 04:17:46,26/03/2017 04:24:39,B1855+09,4.963744815940518,0.16967128429110123,89.0,243,324.0,324.0,0,20,1,0,3,0,Completed incrementally checking scint every 20 seconds.
26/03/2017 04:24:39,26/03/2017 04:36:37,J1910+0728,5.01942722967348,0.1304977348765668,2.0,284,716.0,716.0,0,60,1,0,3,0,Completed incrementally checking scint every 60 seconds.
26/03/2017 04:36:37,26/03/2017 04:46:16,J1859+1526,4.9730531042274695,0.26941581072938026,9.0,598,570.0,570.0,0,60,1,0,3,0,Completed incrementally checking scint every 60 seconds.
26/03/2017 04:46:16,26/03/2017 04:59:02,J1914+0659,5.035274892003641,0.12188215943093735,7.0,769,759.0,759.0,0,20,2,0,3,0,Completed incrementally checking scint every 20 seconds.
26/03/2017 04:59:02,26/03/2017 05:01:15,J1917+1737,5.050108445316341,0.3076220376828983,10.0,231,123.0,123.0,0,1800,1,0,1,0,Completed: Shortened interval; scintillation of 1.8726864991378895
26/03/2017 05:01:15,26/03/2017 05:07:49,J1939+10,5.145157912827116,0.18762289458939044,8.0,658,816.0,386.0,0,20,2,0,3,0,Completed incrementally checking scint every 20 seconds.
26/03/2017 05:07:49,26/03/2017 05:31:34,J1904+0800,4.991896187886365,0.13988135215581,10.0,1116,1415.0,1415.0,0,20,1,0,3,0,Completed incrementally checking scint every 20 seconds.
26/03/2017 05:31:34,26/03/2017 05:42:34,B1918+26,5.06424546681339,0.4685161844053578,16.0,644,944.0,644.0,0,5400,2,0,2,0,Completed: Nominal time; scintillation good.
26/03/2017 05:42:34,26/03/2017 05:47:05,J1904+0738,4.992189475922752,0.133477399760666,17.0,182,254.0,254.0,0,60,1,0,3,0,Completed incrementally checking scint every 60 seconds.
26/03/2017 05:47:05,26/03/2017 05:48:56,J1936+21,5.133376940376155,0.3700098014227979,13.0,133,98.0,98.0,0,60,1,0,3,0,Completed incrementally checking scint every 60 seconds.
26/03/2017 05:48:56,26/03/2017 06:07:17,J1907+0731,5.008716071331938,0.13129675630440343,14.0,1045,1373.0,1087.0,0,60,3,0,3,0,Completed incrementally checking scint every 60 seconds.
26/03/2017 06:07:17,26/03/2017 06:20:44,B1915+22,5.051580630540398,0.39060856510577985,13.0,364,794.0,794.0,0,20,1,0,3,0,Completed incrementally checking scint every 20 seconds.
26/03/2017 06:20:44,26/03/2017 06:31:54,J1906+0722,5.002637234991347,0.12884311426430806,14.0,548,656.0,656.0,0,20,1,0,3,0,Completed incrementally checking scint every 20 seconds.
26/03/2017 06:31:54,26/03/2017 06:45:23,J2006+3102,5.262967637336735,0.5416483889460069,24.0,3754,3382.0,785.0,0,600,2,0,3,0,Completed incrementally checking scint every 600 seconds.
26/03/2017 06:45:23,26/03/2017 06:51:51,J1909+0749,5.014054597181476,0.13658171024217847,27.0,402,361.0,361.0,0,600,1,0,1,0,Completed: Shortened interval; scintillation of 1.1121600403245648
26/03/2017 06:51:51,26/03/2017 07:08:00,B2002+31,5.257243393722505,0.551863461688353,24.0,890,945.0,945.0,0,20,1,0,3,0,Completed incrementally checking scint every 20 seconds.
26/03/2017 07:08:00,26/03/2017 07:13:27,J1913+0904,5.032443168014332,0.15846329092537628,27.0,1410,incomplete,300.0,0,5400,1,0,4,0,Aborted: Scintillation too low within first five minutes.
26/03/2017 07:13:27,26/03/2017 07:44:59,B2011+38,5.293464866187613,0.6765250579530913,30.0,881,1862.0,1862.0,0,60,1,0,3,0,Completed incrementally checking scint every 60 seconds.
26/03/2017 07:44:59,26/03/2017 08:33:25,J1907+0919,5.0057737371012845,0.1627039561940414,36.0,1244,incomplete,2870.0,0,600,1,0,3,2,Aborted: Checked scintillation repeatedly; interrupted by satellite GPS BIIF-6  (PRN 06)
26/03/2017 08:33:25,26/03/2017 08:36:03,B1953+50,5.215535675103295,0.8900950934890015,35.0,166,133.0,123.0,0,5400,2,0,1,0,Completed: Shortened interval; scintillation of 1.1422677129297796
26/03/2017 08:36:03,26/03/2017 08:42:38,J1907+0919,5.0057737371012845,0.1627039561940414,42.0,1244,3223.0,353.0,0,600,2,0,3,0,Completed incrementally checking scint every 600 seconds.
26/03/2017 08:42:38,26/03/2017 08:45:46,J1954+43,5.214171140333059,0.7650359887908478,35.0,153,153.0,153.0,0,1800,1,0,2,0,Completed: Nominal time; scintillation good.
26/03/2017 08:45:46,26/03/2017 08:55:30,J1917+0834,5.051917551808085,0.14978139296817103,35.0,549,849.0,549.0,0,1800,2,0,2,0,Completed: Nominal time; scintillation good.
26/03/2017 08:55:30,26/03/2017 09:04:31,J2001+42,5.244714402242961,0.7455464788102445,34.0,644,507.0,507.0,0,180,1,0,3,0,Completed incrementally checking scint every 180 seconds.
26/03/2017 09:04:31,26/03/2017 09:07:29,J1916+0844,5.045389147741,0.15245935829851576,36.0,128,142.0,142.0,0,60,1,0,3,0,Completed incrementally checking scint every 60 seconds.
26/03/2017 09:07:29,26/03/2017 09:12:11,J1941+43,5.1574479396432436,0.7571820071568733,34.0,477,248.0,248.0,0,180,1,0,3,0,Completed incrementally checking scint every 180 seconds.
26/03/2017 09:12:11,26/03/2017 09:14:11,B1911+09,5.034744021022826,0.16775426031015941,34.0,202,86.0,86.0,0,1800,1,0,1,0,Completed: Shortened interval; scintillation of 2.3361181206022135
26/03/2017 09:14:11,26/03/2017 09:15:10,B2027+37,5.364260147581895,0.6586105136969403,32.0,47,27.0,27.0,0,5400,2,0,1,0,Completed: Shortened interval; scintillation of 1.7607114313764731
26/03/2017 09:15:10,26/03/2017 09:24:38,B1914+09,5.046353696679909,0.1720408859157937,32.0,326,536.0,536.0,0,60,1,0,3,0,Completed incrementally checking scint every 60 seconds.
26/03/2017 09:24:38,26/03/2017 09:28:49,B2000+40,5.247916354199848,0.7129374742865041,32.0,326,219.0,219.0,0,600,1,0,1,0,Completed: Shortened interval; scintillation of 1.491015377398353
26/03/2017 09:28:49,26/03/2017 09:52:52,J1913+0904,5.032443168014332,0.15846329092537628,33.0,1410,1710.0,1410.0,0,5400,2,0,2,0,Completed: Nominal time; scintillation good.
26/03/2017 09:52:52,26/03/2017 09:55:43,J1946+3417,5.176728869688264,0.5984282013293657,25.0,127,146.0,146.0,0,20,1,0,3,0,Completed incrementally checking scint every 20 seconds.
26/03/2017 09:55:43,26/03/2017 10:11:37,J1911+10,5.022184922613683,0.17453292519943295,25.0,1293,929.0,929.0,0,600,1,0,3,0,Completed incrementally checking scint every 600 seconds.
26/03/2017 10:11:37,26/03/2017 10:14:14,B2000+32,5.245036124601745,0.5635392295705138,23.0,192,134.0,134.0,0,5400,1,0,1,0,Completed: Shortened interval; scintillation of 1.4289541203291345
26/03/2017 10:14:14,26/03/2017 10:21:09,J1920+1040,5.065482178032532,0.18631874578720578,22.0,692,693.0,393.0,0,5400,2,0,1,0,Completed: Shortened interval; scintillation of 1.7603793617580865
26/03/2017 10:21:09,26/03/2017 10:31:42,J1901+1306,4.982098345797981,0.22887229701923306,368.0,407,265.0,265.0,0,600,1,0,1,0,Completed: Shortened interval; scintillation of 1.53599786405312
26/03/2017 10:31:42,26/03/2017 10:49:21,J1910+1027,5.017821599483698,0.18238690683340741,361.0,427,698.0,698.0,0,180,1,0,3,0,Completed incrementally checking scint every 180 seconds.
26/03/2017 10:49:21,26/03/2017 11:06:00,J1907+1149,5.007479069224588,0.20641960581968824,366.0,1039,633.0,633.0,0,5400,1,0,1,0,Completed: Shortened interval; scintillation of 1.6426052155165731
26/03/2017 11:06:00,26/03/2017 11:15:18,B1907+10,5.016999389417493,0.19258423539502487,365.0,193,193.0,193.0,0,180,1,0,2,0,Completed: Nominal time; scintillation good.
26/03/2017 11:15:18,26/03/2017 12:45:31,B1910+10,5.029917458420539,0.18520658320274047,362.0,5293,5871.0,5051.0,0,20,2,0,3,0,Completed incrementally checking scint every 20 seconds.
26/03/2017 12:45:31,26/03/2017 13:20:18,J1935+12,5.127995508515839,0.21031217486531673,378.0,1709,1709.0,1709.0,0,5400,2,0,2,0,Completed: Nominal time; scintillation good.
26/03/2017 13:20:18,26/03/2017 13:30:06,B1925+22,5.092585686874961,0.39414043277266275,362.0,354,226.0,226.0,0,5400,1,0,1,0,Completed: Shortened interval; scintillation of 1.5644879445472812
26/03/2017 13:30:06,26/03/2017 13:37:38,J1935+2154,5.126590518467983,0.3821698981723873,360.0,192,92.0,92.0,0,5400,1,0,1,0,Completed: Shortened interval; scintillation of 2.089126402960942
26/03/2017 13:37:38,26/03/2017 14:11:44,J1954+2836,5.211200444502061,0.49919325489124483,353.0,1358,1693.0,1693.0,0,60,1,0,3,0,Completed incrementally checking scint every 60 seconds.
26/03/2017 14:11:44,26/03/2017 15:22:57,J1957+2831,5.224308376238903,0.49792226734484807,365.0,3073,incomplete,3908.0,0,600,1,0,3,1,Aborted: Checked scintillation repeatedly; observed until object set. 
26/03/2017 15:22:57,26/03/2017 15:28:43,J2215+5135,5.827413546061112,0.9004751871121236,336.0,825,incomplete,10.0,0,5400,2,0,1,2,Aborted: High scintillation; interrupted by satellite COSMOS 2457 (733)
26/03/2017 15:28:43,26/03/2017 15:36:33,B1913+105,5.044853840715002,0.1835184619651171,55.0,1238,incomplete,415.0,0,180,1,0,3,1,Aborted: Checked scintillation repeatedly; observed until object set. 
26/03/2017 15:36:33,26/03/2017 15:41:39,J1932+17,5.113814708343386,0.29670597283903605,6.0,635,incomplete,300.0,0,5400,1,0,4,0,Aborted: Scintillation too low within first five minutes.
26/03/2017 15:41:39,26/03/2017 15:41:40,B1933+15,5.131378538382623,0.2724458962363148,1.0,575,incomplete,0.0,46140,60,2,0,3,1,Aborted: Checked scintillation repeatedly; observed until object set. Waited for more observables to rise above the horizon. 
27/03/2017 04:30:40,27/03/2017 04:53:02,J1909+1148,5.013458276353711,0.2059488517353309,89.0,1728,1253.0,1253.0,0,5400,1,0,1,0,Completed: Shortened interval; scintillation of 1.3786180435581752
27/03/2017 04:53:02,27/03/2017 04:56:40,J1915+1410,5.042213739333153,0.24750465641163474,4.0,257,214.0,214.0,0,5400,1,0,1,0,Completed: Shortened interval; scintillation of 1.2010055676630966
27/03/2017 04:56:40,27/03/2017 05:18:06,B1913+105,5.044853840715002,0.1835184619651171,2.0,1238,1699.0,1284.0,0,180,2,0,3,0,Completed incrementally checking scint every 180 seconds.
27/03/2017 05:18:06,27/03/2017 05:21:16,B1920+21,5.074074361218049,0.3696315013074281,10.0,240,180.0,180.0,0,5400,1,0,1,0,Completed: Shortened interval; scintillation of 1.334149095176391
27/03/2017 05:21:16,27/03/2017 05:24:04,B1911+11,5.036010839171565,0.19840369641622319,8.0,844,incomplete,160.0,0,600,1,0,3,2,Aborted: Checked scintillation repeatedly; interrupted by satellite IRIDIUM 41 [+]
27/03/2017 05:24:04,27/03/2017 05:25:22,B1930+22,5.115468407809651,0.39003987865783835,9.0,178,69.0,69.0,0,5400,1,0,1,0,Completed: Shortened interval; scintillation of 2.5785707798170265
27/03/2017 05:25:22,27/03/2017 05:35:14,B1911+11,5.036010839171565,0.19840369641622319,10.0,844,742.0,582.0,0,600,2,0,3,0,Completed incrementally checking scint every 600 seconds.
27/03/2017 05:35:14,27/03/2017 05:43:39,J1935+2025,5.129954713323255,0.3565324659016339,7.0,656,498.0,498.0,0,1800,1,0,1,0,Completed: Shortened interval; scintillation of 1.3161201963548739
27/03/2017 05:43:39,27/03/2017 06:04:31,J1913+1145,5.034102612522718,0.205236660437781,11.0,1410,1241.0,1241.0,0,1800,1,0,1,0,Completed: Shortened interval; scintillation of 1.1358213246553055
27/03/2017 06:04:31,27/03/2017 06:30:06,B1919+20,5.0695703936391725,0.35003935627053384,8.0,1643,1527.0,1527.0,0,5400,1,0,1,0,Completed: Shortened interval; scintillation of 1.075805557981557
27/03/2017 06:30:06,27/03/2017 08:30:35,B1914+13,5.0482681410642165,0.23062596506654248,10.0,5293,7219.0,7219.0,0,180,1,0,3,0,Completed incrementally checking scint every 180 seconds.
27/03/2017 08:30:35,27/03/2017 08:47:30,J1926+2016,5.0889484207138045,0.353725540132114,28.0,1244,987.0,987.0,0,180,1,0,3,0,Completed incrementally checking scint every 180 seconds.
27/03/2017 08:47:30,27/03/2017 09:03:49,B1953+29,5.216198317715415,0.5086832708353853,9.0,942,970.0,970.0,0,60,1,0,3,0,Completed incrementally checking scint every 60 seconds.
27/03/2017 09:03:49,27/03/2017 09:06:47,B1911+13,5.032682888987093,0.2446016890518871,19.0,211,159.0,159.0,0,60,1,0,3,0,Completed incrementally checking scint every 60 seconds.
27/03/2017 09:06:47,27/03/2017 09:17:31,B1952+29,5.211447990367635,0.5129197361631309,17.0,768,627.0,627.0,0,600,1,0,3,0,Completed incrementally checking scint every 600 seconds.
27/03/2017 09:17:31,27/03/2017 09:20:42,J1911+1347,5.026199521686915,0.24073137780235834,18.0,261,173.0,173.0,0,20,1,0,3,0,Completed incrementally checking scint every 20 seconds.
27/03/2017 09:20:42,27/03/2017 09:46:11,J1957+2831,5.224308376238903,0.49792226734484807,16.0,3073,5421.0,1513.0,0,600,2,0,3,0,Completed incrementally checking scint every 600 seconds.
27/03/2017 09:46:11,27/03/2017 10:01:14,B1933+15,5.131378538382623,0.2724458962363148,15.0,575,888.0,888.0,0,60,3,0,3,0,Completed incrementally checking scint every 60 seconds.
27/03/2017 10:01:14,27/03/2017 12:57:55,J1922+1733,5.0740515992157205,0.3064190694959612,9.0,512,10592.0,10592.0,0,180,1,0,3,0,Completed incrementally checking scint every 180 seconds.
27/03/2017 12:57:55,27/03/2017 13:00:03,J1924+1639,5.079134397968815,0.29079491112092887,48.0,80,80.0,80.0,0,600,1,0,2,0,Completed: Nominal time; scintillation good.
27/03/2017 13:00:03,27/03/2017 13:10:29,J1925+1721,5.083271446433485,0.3028146252210162,359.0,243,267.0,267.0,0,20,1,0,3,0,Completed incrementally checking scint every 20 seconds.
27/03/2017 13:10:29,27/03/2017 13:25:20,J1934+19,5.122541354603357,0.33161255787892263,359.0,532,532.0,532.0,0,600,1,0,2,0,Completed: Nominal time; scintillation good.
27/03/2017 13:25:20,27/03/2017 13:33:06,J2122+54,5.598143575771812,0.9520771069629067,326.0,1410,incomplete,140.0,0,180,1,0,3,2,Aborted: Checked scintillation repeatedly; interrupted by satellite BEIDOU IGSO 1
27/03/2017 13:33:06,27/03/2017 13:43:14,J2213+53,5.816309732271103,0.9250245035569946,354.0,364,254.0,254.0,0,5400,1,0,1,0,Completed: Shortened interval; scintillation of 1.433007563839595
27/03/2017 13:43:14,27/03/2017 14:06:08,J2122+54,5.598143575771812,0.9520771069629067,368.0,1410,1146.0,1006.0,0,180,2,0,3,0,Completed incrementally checking scint every 180 seconds.
27/03/2017 14:06:08,27/03/2017 14:19:45,J2215+5135,5.827413546061112,0.9004751871121236,356.0,825,471.0,461.0,0,5400,3,0,1,0,Completed: Shortened interval; scintillation of 1.7573407902471074
27/03/2017 14:19:45,27/03/2017 14:33:36,J2208+5500,5.7962180836985615,0.9599718614274626,362.0,455,469.0,469.0,0,20,1,0,3,0,Completed incrementally checking scint every 20 seconds.
27/03/2017 14:33:36,27/03/2017 15:02:14,J1924+1628,5.078908123303498,0.2873975501617329,50.0,1410,1668.0,1668.0,0,60,1,0,3,0,Completed incrementally checking scint every 60 seconds.
27/03/2017 15:02:14,27/03/2017 15:09:18,J1929+1955,5.1020025599486605,0.3476497581177131,6.0,327,418.0,418.0,0,20,1,0,3,0,Completed incrementally checking scint every 20 seconds.
27/03/2017 15:09:18,27/03/2017 15:12:49,J1932+17,5.113814708343386,0.29670597283903605,2.0,635,509.0,209.0,0,5400,2,0,1,0,Completed: Shortened interval; scintillation of 3.0386501785778104
27/03/2017 15:12:49,27/03/2017 15:16:21,J1931+1952,5.113513929935625,0.34679449830286774,2.0,257,210.0,210.0,0,5400,1,0,1,0,Completed: Shortened interval; scintillation of 1.2211748608108877
27/03/2017 15:16:21,27/03/2017 15:24:48,J1928+1746,5.09945595730928,0.3102304322500038,2.0,2072,incomplete,505.0,49200,20,1,0,3,1,Aborted: Checked scintillation repeatedly; observed until object set. Waited for more observables to rise above the horizon. 
28/03/2017 05:04:48,28/03/2017 05:08:08,B1925+18,5.092756001921134,0.32932666137249117,89.0,123,111.0,111.0,0,60,1,0,3,0,Completed incrementally checking scint every 60 seconds.
28/03/2017 05:08:08,28/03/2017 05:45:19,J1928+1746,5.09945595730928,0.3102304322500038,0.0,2072,2736.0,2231.0,0,20,2,0,3,0,Completed incrementally checking scint every 20 seconds.
