Duration mean, 10.937777777777777, std dev, 2.093125
Rel slew mean, 0.015513599800443586, std dev, 0.00395557482560562
Rel wait mean, 0.3914634651914132, std dev, 0.11804295770748861
Rel obs mean, 0.5930229350081433, std dev, 0.11580300389637771
No, Duration, Slew time, Wait time, Obs time, Rel slew, Rel wait, Rel obs, Max attempts, Times max att, Obs result 1, Obs result 2, Obs result 3, Obs result 4, Interruption 1, Interruption 2 
0, 9.742222222222221, 0.2786111111111111, 3.1666666666666665, 6.296944444444445, 0.02859831204379562, 0.3250456204379562, 0.6463560675182481, 2, 1, 7, 5, 21, 2, 0, 0, 
1, 9.738888888888889, 0.17194444444444443, 4.133333333333334, 5.433611111111111, 0.017655447803764976, 0.4244152880775813, 0.5579292641186537, 2, 3, 6, 6, 23, 0, 0, 4, 
2, 9.748055555555554, 0.12638888888888888, 4.133333333333334, 5.488333333333333, 0.012965548684922919, 0.4240161855640726, 0.5630182657510044, 2, 3, 11, 8, 15, 0, 0, 3, 
3, 9.742222222222221, 0.15277777777777776, 0.9333333333333333, 8.65611111111111, 0.015682025547445255, 0.09580291970802919, 0.8885150547445255, 3, 2, 10, 5, 23, 1, 1, 3, 
4, 9.736944444444443, 0.1163888888888889, 4.65, 4.970555555555555, 0.011953327817875788, 0.4775625481413859, 0.5104841240407383, 3, 1, 11, 6, 12, 5, 8, 4, 
5, 19.310277777777777, 0.21666666666666667, 5.433333333333334, 13.660277777777779, 0.011220277054533424, 0.2813700245982997, 0.7074096983471668, 5, 3, 15, 11, 35, 1, 9, 7, 
6, 9.740833333333333, 0.15527777777777776, 5.55, 4.035555555555556, 0.015940913109190977, 0.5697664470870049, 0.41429263980380415, 4, 1, 12, 10, 17, 2, 10, 2, 
7, 9.742777777777777, 0.09833333333333333, 5.2, 4.444444444444445, 0.01009294634201973, 0.5337286879169756, 0.45617836574100473, 4, 1, 9, 7, 17, 1, 3, 1, 

Obs result 1, Max scintillation; shortened observation
Obs result 2, Normal scintillation.
Obs result 3, Short timescale; repeated check of scintillation.
Obs result 4, Weak scintillation; aborted.

Interruption 1, Object set.
Interruption 2, Interference from satellite.
