Duration mean, 2.5746874999999996, std dev, 0.6561458333333333
Rel slew mean, 0.0342183198363935, std dev, 0.009639375029156324
Rel wait mean, 0.0, std dev, 0.0
Rel obs mean, 0.9657816801636064, std dev, 0.009639375029156322
No, Duration, Slew time, Wait time, Obs time, Rel slew, Rel wait, Rel obs, Max attempts, Times max att, Obs result 1, Obs result 2, Obs result 3, Obs result 4, Interruption 1, Interruption 2 
0, 3.3786111111111112, 0.135, 0.0, 3.243611111111111, 0.03995724738962427, 0.0, 0.9600427526103757, 2, 5, 5, 2, 8, 2, 0, 3, 
1, 2.9302777777777775, 0.06861111111111111, 0.0, 2.861666666666667, 0.023414541662716844, 0.0, 0.9765854583372832, 2, 2, 3, 2, 10, 0, 0, 1, 
2, 2.293333333333333, 0.06694444444444445, 0.0, 2.226388888888889, 0.029190891472868217, 0.0, 0.9708091085271318, 2, 2, 7, 1, 5, 0, 0, 0, 
3, 2.2175000000000002, 0.11166666666666668, 0.0, 2.1058333333333334, 0.05035700864336715, 0.0, 0.9496429913566329, 2, 1, 7, 0, 6, 0, 0, 2, 
4, 3.621111111111111, 0.12222222222222222, 0.0, 3.498888888888889, 0.033752684872660324, 0.0, 0.9662473151273396, 2, 2, 7, 2, 6, 0, 0, 1, 
5, 1.2988888888888888, 0.06611111111111112, 0.0, 1.232777777777778, 0.05089820359281437, 0.0, 0.9491017964071856, 1, 12, 4, 1, 6, 1, 0, 0, 
6, 1.8644444444444446, 0.05027777777777778, 0.0, 1.8141666666666667, 0.02696662693682956, 0.0, 0.9730333730631704, 1, 11, 1, 3, 6, 1, 0, 1, 
7, 2.993333333333333, 0.0575, 0.0, 2.9358333333333335, 0.01920935412026726, 0.0, 0.9807906458797327, 2, 1, 1, 2, 8, 2, 0, 0, 

Obs result 1, Max scintillation; shortened observation
Obs result 2, Normal scintillation.
Obs result 3, Short timescale; repeated check of scintillation.
Obs result 4, Weak scintillation; aborted.

Interruption 1, Object set.
Interruption 2, Interference from satellite.
