Duration mean, 11.525238095238096, std dev, 2.7524716553287982
Rel slew mean, 0.025947430127012807, std dev, 0.006052901083282128
Rel wait mean, 0.31739350069366734, std dev, 0.13695488125408617
Rel obs mean, 0.6566590691793197, std dev, 0.1396931532096569
No, Duration, Slew time, Wait time, Obs time, Rel slew, Rel wait, Rel obs, Max attempts, Times max att, Obs result 1, Obs result 2, Obs result 3, Obs result 4, Interruption 1, Interruption 2 
0, 9.819444444444445, 0.3569444444444444, 3.6, 5.8625, 0.03635077793493635, 0.36661951909476664, 0.597029702970297, 2, 2, 14, 6, 16, 2, 1, 2, 
1, 21.15888888888889, 0.32999999999999996, 5.583333333333333, 15.245555555555555, 0.015596282098408864, 0.26387649004883684, 0.7205272278527542, 3, 4, 19, 10, 40, 2, 9, 8, 
2, 10.442222222222222, 0.30166666666666664, 4.683333333333334, 5.457222222222223, 0.028889125345818258, 0.44849968078314534, 0.5226111938710364, 3, 1, 12, 4, 22, 1, 0, 7, 
3, 9.813055555555556, 0.19583333333333333, 0.4166666666666667, 9.200555555555555, 0.019956407280550287, 0.04246044102244742, 0.9375831516970023, 3, 2, 12, 9, 18, 2, 0, 2, 
4, 9.814444444444446, 0.2652777777777778, 4.816666666666666, 4.7325, 0.02702932186120231, 0.49077323672591416, 0.4821974414128835, 3, 1, 9, 4, 22, 0, 0, 5, 
5, 9.809722222222224, 0.3208333333333333, 1.6333333333333333, 7.855555555555555, 0.03270564915758176, 0.16650148662041625, 0.800792864222002, 3, 1, 9, 6, 20, 1, 0, 1, 
6, 9.818888888888889, 0.20722222222222222, 4.35, 5.261666666666667, 0.02110444721059183, 0.44302365056014487, 0.5358719022292633, 2, 4, 9, 7, 20, 0, 0, 5, 

Obs result 1, Max scintillation; shortened observation
Obs result 2, Normal scintillation.
Obs result 3, Short timescale; repeated check of scintillation.
Obs result 4, Weak scintillation; aborted.

Interruption 1, Object set.
Interruption 2, Interference from satellite.
