Duration mean, 13.264166666666668, std dev, 3.817916666666667
Rel slew mean, 0.04602417640098786, std dev, 0.01045041690163093
Rel wait mean, 0.0, std dev, 0.0
Rel obs mean, 0.9539758235990121, std dev, 0.010450416901630927
No, Duration, Slew time, Wait time, Obs time, Rel slew, Rel wait, Rel obs, Max attempts, Times max att, Obs result 1, Obs result 2, Obs result 3, Obs result 4, Interruption 1, Interruption 2 
0, 9.446111111111112, 0.5950000000000001, 0.0, 8.851111111111111, 0.06298888431453273, 0.0, 0.9370111156854672, 3, 1, 17, 14, 31, 3, 1, 5, 
1, 14.476111111111111, 0.6108333333333333, 0.0, 13.865277777777777, 0.04219595502168323, 0.0, 0.9578040449783167, 3, 1, 25, 20, 37, 1, 9, 4, 
2, 9.446388888888889, 0.47194444444444444, 0.0, 8.974444444444444, 0.049960302290704854, 0.0, 0.9500396977092952, 3, 1, 15, 8, 39, 3, 2, 5, 
3, 19.688055555555557, 0.57, 0.0, 19.118055555555557, 0.02895156397703063, 0.0, 0.9710484360229694, 3, 3, 19, 16, 45, 3, 7, 3, 

Obs result 1, Max scintillation; shortened observation
Obs result 2, Normal scintillation.
Obs result 3, Short timescale; repeated check of scintillation.
Obs result 4, Weak scintillation; aborted.

Interruption 1, Object set.
Interruption 2, Interference from satellite.
